[
    {
        "memberId": "6671dc9566e7d",
        "name": "admin",
        "address": "saya tidak punya alamat karena saya admin dari website ini",
        "bio": "Aku adalah admin dari website ini, jadi hiraukan saja aku",
        "birthdate": "2000-02-17",
        "username": "admin12345",
        "members": "admin",
        "phone": "083844543213",
        "email": "admin21@example.com",
        "password": "$2y$10$Cj11jF7GreMUePbWBaVFE.jl9QyMz2fVH1tHSnFODs5L\/Iw2jLYtq",
        "image": "profile667280e849378.jpg",
        "created_at": "Wednesday, 19 \/ Jun \/ 2024  02:14:29",
        "updated_at": "Friday, 21 \/ Jun \/ 2024  04:34:51"
    },
    {
        "memberId": "6671dcad0f079",
        "name": "Muhamad Yasir Noval",
        "address": "Washington DC",
        "bio": "Aku mungkin sedikit merespon karena sibuk",
        "birthdate": "2010-07-19",
        "username": "yasir12345",
        "members": "admin",
        "phone": "099875763423",
        "email": "yasir@example.com",
        "password": "$2y$10$uC4XjVvwqzOY21mh5olRvOmaLSiA8NKHvw0D9NOBIMEuobanANF.y",
        "image": "-",
        "created_at": "Wednesday, 19 \/ Jun \/ 2024  02:14:53",
        "updated_at": "Wednesday, 19 \/ Jun \/ 2024  13:59:30"
    },
    {
        "memberId": "6671dd3f3bcb2",
        "name": "GG",
        "address": "NewYork",
        "bio": "Staff sersan",
        "birthdate": "2024-06-20",
        "username": "user12345",
        "members": "gold",
        "phone": "1234567890123",
        "email": "derekw3@example.com",
        "password": "$2y$10$UGAT1RhEl7m7D76BIANaGOBzqGC13oPJ8eAZW8Au5qOruz20YXNXi",
        "image": "profile667671ab0aa59.jpg",
        "created_at": "Wednesday, 19 \/ Jun \/ 2024  02:17:19",
        "updated_at": "Saturday, 22 \/ Jun \/ 2024  13:39:39"
    },
    {
        "memberId": "6672268a665f5",
        "name": "userUserUser",
        "address": "-",
        "bio": "-",
        "birthdate": "-",
        "username": "user6789",
        "members": "gold",
        "phone": "088234567893",
        "email": "user3@example.com",
        "password": "$2y$10$4yufICNUhplHcGhEODuriehOwHQjjpGIxSOEpUzHKmKBsaYscLr5W",
        "image": "-",
        "created_at": "Wednesday, 19 \/ Jun \/ 2024  07:30:02",
        "updated_at": "Wednesday, 19 \/ Jun \/ 2024  07:30:02"
    },
    {
        "memberId": "667226fa9e8db",
        "name": "userUserUserUser",
        "address": "-",
        "bio": "-",
        "birthdate": "-",
        "username": "user9876",
        "members": "platinum",
        "phone": "089787675432",
        "email": "user4@example.com",
        "password": "$2y$10$aeIT9ryyIhDrxv67fpZHuO2nwsmamvXzTanfxcxtLF.Tfs6E8ITvC",
        "image": "-",
        "created_at": "Wednesday, 19 \/ Jun \/ 2024  07:31:54",
        "updated_at": "Wednesday, 19 \/ Jun \/ 2024  07:31:54"
    },
    {
        "memberId": "6673d94bf37e4",
        "name": "Arya Wijaya",
        "address": "-",
        "bio": "-",
        "birthdate": "-",
        "username": "arya12345",
        "members": "admin",
        "phone": "099875763423",
        "email": "arya@example.com",
        "password": "$2y$10$S8a3fQIQB2Hss5QzmYCEd.8WEarMzoWBPjmSm3h.30d\/EpPjf8aOC",
        "image": "-",
        "created_at": "Thursday, 20 \/ Jun \/ 2024  14:24:59",
        "updated_at": "Thursday, 20 \/ Jun \/ 2024  14:26:31"
    },
    {
        "memberId": "6673d9722e552",
        "name": "Reza Nur Hadiyansyah",
        "address": "-",
        "bio": "-",
        "birthdate": "-",
        "username": "reza12345",
        "members": "admin",
        "phone": "088234567893",
        "email": "reza@example.com",
        "password": "$2y$10$nCDERpmyJn4gp0ExmtprVeMmcOu6pp7tm\/hlq5QpJa4\/yrskblFqi",
        "image": "-",
        "created_at": "Thursday, 20 \/ Jun \/ 2024  14:25:38",
        "updated_at": "Thursday, 20 \/ Jun \/ 2024  14:26:23"
    },
    {
        "memberId": "6674884c958de",
        "name": "Double Pow",
        "address": "-",
        "bio": "-",
        "birthdate": "",
        "username": "doublep23",
        "members": "silver",
        "phone": "087765432321",
        "email": "doublep21@example.com",
        "password": "$2y$10$.fNQRoq\/cdxOZHpxrq8WW.MXNy2nvBmv0nGeChsH\/U\/Pv7biH41C6",
        "image": "profile66749d4c2afe1.png",
        "created_at": "Friday, 21 \/ Jun \/ 2024  02:51:40",
        "updated_at": "Wednesday, 26 \/ Jun \/ 2024  04:08:38"
    },
    {
        "memberId": "667b1fb2da6d3",
        "name": "Yasir Noval",
        "address": "Washington Street ",
        "bio": "Halo",
        "birthdate": "2008-06-11",
        "username": "yanval12345",
        "members": "platinum",
        "phone": "088765564321",
        "email": "yanval12@example.com",
        "password": "$2y$10$SoK8l2ah6vWR\/mhky1J06e8di1OM1r2VDWhtwSRgYcndVk\/BF\/Y8K",
        "image": "-",
        "created_at": "Wednesday, 26 \/ Jun \/ 2024  02:51:14",
        "updated_at": "Wednesday, 26 \/ Jun \/ 2024  03:23:43"
    }
]