[{"orderId":"667b275ccdc44","orderMemberId":"667b1fb2da6d3","orderPersonName":"Yasir Noval","orderPersonEmail":"yanval12@example.com","orderProductName":"60 genesis crystals","orderProductPrice":"50000","orderProductCode":"6671de266b3ce","orderProductImage":"dataproduct6671de266b3da.jpg","orderStatus":"paid","image":"dataproduct6671de266b3da.jpg","created_at":"Wednesday, 26 \/ Jun \/ 2024  03:23:56","updated_at":"Wednesday, 26 \/ Jun \/ 2024  04:09:57"},{"orderId":"667b2769717c6","orderMemberId":"667b1fb2da6d3","orderPersonName":"Yasir Noval","orderPersonEmail":"yanval12@example.com","orderProductName":"120 genesis crystals","orderProductPrice":"79000","orderProductCode":"6671de5c2864c","orderProductImage":"dataproduct6671de5c28657.jpg","orderStatus":"paid","image":"dataproduct6671de5c28657.jpg","created_at":"Wednesday, 26 \/ Jun \/ 2024  03:24:09","updated_at":"Wednesday, 26 \/ Jun \/ 2024  04:09:57"},{"orderId":"667b3209e93cd","orderMemberId":"667b1fb2da6d3","orderPersonName":"Yasir Noval","orderPersonEmail":"yanval12@example.com","orderProductName":"Monthly Pyroxenes x6,600","orderProductPrice":"55000","orderProductCode":"6671ddda45586","orderProductImage":"dataproduct6671ddda45591.png","orderStatus":"paid","image":"dataproduct6671ddda45591.png","created_at":"Wednesday, 26 \/ Jun \/ 2024  04:09:29","updated_at":"Wednesday, 26 \/ Jun \/ 2024  04:09:57"},{"orderId":"667b3388a2f31","orderMemberId":"667b1fb2da6d3","orderPersonName":"Yasir Noval","orderPersonEmail":"yanval12@example.com","orderProductName":"500 Valorant Point","orderProductPrice":"85000","orderProductCode":"667b337c6719f","orderProductImage":"dataproduct667b337c671a9.jpg","orderStatus":"not yet paid","image":"dataproduct667b337c671a9.jpg","created_at":"Wednesday, 26 \/ Jun \/ 2024  04:15:52","updated_at":"Wednesday, 26 \/ Jun \/ 2024  04:15:52"},{"orderId":"667b33aa5cf02","orderMemberId":"6671dd3f3bcb2","orderPersonName":"GG","orderPersonEmail":"derekw3@example.com","orderProductName":"500 Valorant Point","orderProductPrice":"85000","orderProductCode":"667b337c6719f","orderProductImage":"dataproduct667b337c671a9.jpg","orderStatus":"not yet paid","image":"dataproduct667b337c671a9.jpg","created_at":"Wednesday, 26 \/ Jun \/ 2024  04:16:26","updated_at":"Wednesday, 26 \/ Jun \/ 2024  04:16:26"},{"orderId":"667b33b1cbe1c","orderMemberId":"6671dd3f3bcb2","orderPersonName":"GG","orderPersonEmail":"derekw3@example.com","orderProductName":"120 genesis crystals","orderProductPrice":"79000","orderProductCode":"6671de5c2864c","orderProductImage":"dataproduct6671de5c28657.jpg","orderStatus":"not yet paid","image":"dataproduct6671de5c28657.jpg","created_at":"Wednesday, 26 \/ Jun \/ 2024  04:16:33","updated_at":"Wednesday, 26 \/ Jun \/ 2024  04:16:33"},{"orderId":"667b33ba48e45","orderMemberId":"6671dd3f3bcb2","orderPersonName":"GG","orderPersonEmail":"derekw3@example.com","orderProductName":"Monthly Pyroxenes x6,1200","orderProductPrice":"100000","orderProductCode":"6671de07214a5","orderProductImage":"dataproduct6671de07214b1.png","orderStatus":"not yet paid","image":"dataproduct6671de07214b1.png","created_at":"Wednesday, 26 \/ Jun \/ 2024  04:16:42","updated_at":"Wednesday, 26 \/ Jun \/ 2024  04:16:42"}]